{
    "downstairs":[
        [
            1.8414886682188405,
            -9.42250501884058,
            -1.9015121474028989,
            -5.975952,
            -30.731140000000003,
            -21.460709,
            16.931763,
            -1.0478363000000002,
            14.710892,
            2.4386581106778538,
            5.4041218344327735,
            2.9175776839641405
        ],
        [
            3.3723915271942575,
            -9.020027972415543,
            -1.4950699155473988,
            -2.1931152000000003,
            -22.447205,
            -7.9286804,
            12.114639,
            -0.4588623,
            6.8986053,
            2.2263705441924837,
            4.942652360754875,
            2.1107753263360425
        ],
        [
            3.5983040759488176,
            -9.014002153699325,
            -1.8950145757952703,
            -2.5139465,
            -21.872604,
            -14.938904,
            14.360397,
            -0.86587524,
            13.058884,
            2.7249461668972876,
            4.9261827095628545,
            2.8048099235445783
        ]
    ],
    "jogging":[
        [
            2.484604194821669,
            -9.94927587130017,
            -1.2122406633657086,
            -29.819809000000006,
            -38.86664,
            -58.22368,
            31.098251,
            9.74762,
            20.59105,
            7.612964290330665,
            11.992849085353214,
            5.565757410930777
        ],
        [
            2.2439607380185493,
            -10.116363911240756,
            -1.358465555185701,
            -41.999115,
            -58.08250400000001,
            -64.22355999999999,
            29.386398,
            11.646225,
            34.501358,
            8.995965684702426,
            12.950174077542549,
            6.270680378873475
        ],
        [
            2.344315502599964,
            -9.941876876913373,
            -1.3532091761261074,
            -32.5468,
            -45.97502,
            -58.74562,
            41.321503,
            11.914368,
            27.498322,
            8.109383336196808,
            12.721878298205251,
            5.520883848645597
        ]
    ],
    "sitting":[
        [
            8.146777052517654,
            -0.7961658862772489,
            -5.25442618702794,
            7.896057000000001,
            -1.1076813,
            -5.4123839999999985,
            8.422775,
            -0.3894348,
            -5.120285,
            0.028214305278727047,
            0.021995947448528962,
            0.030081700509332614
        ],
        [
            7.083512454305979,
            -1.8645752291995947,
            -6.43967620372847,
            7.014983999999999,
            -1.9576263,
            -6.5137177,
            7.1777954,
            -1.8043976,
            -6.3628845,
            0.01852709673233967,
            0.017752026717421664,
            0.020082509891047925
        ],
        [
            6.946384419341563,
            -1.825319748517463,
            -6.6106858042524,
            6.7779539999999985,
            -1.928894,
            -6.7196198,
            7.082016,
            -1.7158203,
            -6.528076,
            0.020800299662104917,
            0.021762643943947214,
            0.022137537405078168
        ]
    ],
    "standing":[
        [
            -0.29838343429179454,
            -9.646969178519013,
            -1.2221209349232822,
            -0.6368866,
            -9.848923,
            -1.5242003999999998,
            -0.055099487,
            -9.525696,
            -0.9232483,
            0.06821991924184756,
            0.03015580733801418,
            0.0986750382932645
        ],
        [
            0.6645991704118486,
            -9.61245475534611,
            -1.010044910719151,
            0.48838806,
            -9.722031,
            -1.2057648,
            0.9313202,
            -9.50415,
            -0.8514252,
            0.06371155029331717,
            0.024821850660078786,
            0.06558232254378214
        ],
        [
            0.0019737158633630664,
            -9.647071169673627,
            -1.0080044632738698,
            -0.16522217,
            -9.738785,
            -1.1698608,
            0.21066284,
            -9.566406,
            -0.8442383,
            0.0502965494493956,
            0.022535312029807002,
            0.04392076956128821
        ]
    ],
    "upstairs":[
        [
            3.673098507578885,
            -8.961563961317568,
            -1.7726232889132771,
            -1.053482,
            -20.881393,
            -11.376343,
            12.188858,
            -3.1762848,
            1.6936035,
            1.9636630463914284,
            3.6578505325899733,
            1.993036030577582
        ],
        [
            3.5463555780489866,
            -9.114566186993244,
            -1.4725268322730745,
            -0.028762817000000006,
            -21.683456,
            -15.676315,
            12.785004,
            -3.8586273,
            3.051117,
            1.8041796820415863,
            3.492157351884009,
            1.9251169626799636
        ],
        [
            3.8948424613188406,
            -8.487058721594202,
            -1.7434217127536231,
            -1.0462952,
            -24.597198,
            -13.772934,
            13.883942,
            -2.390976,
            1.7893829,
            2.133570107937046,
            3.852533702048533,
            1.9798057949819756
        ]
    ],
    "walking":[
        [
            2.3897190260337284,
            -9.420085411993114,
            -1.6314905354347515,
            -8.77478,
            -20.433685,
            -23.002579,
            16.735443,
            -1.4859772,
            11.253662,
            3.425310623019214,
            3.6059391428935994,
            3.1398470081354293
        ],
        [
            2.1595681443650045,
            -9.489138160146046,
            -1.6612340306487972,
            -8.930405,
            -21.171097,
            -17.637176999999994,
            15.696365,
            -0.2816925,
            9.826721,
            3.2931857670532523,
            3.501768942504786,
            3.174956785044854
        ],
        [
            2.3577200195211825,
            -9.39807500014793,
            -1.6432560173693624,
            -7.089264,
            -22.059341,
            -15.151993,
            13.685226,
            -0.36787415,
            6.87706,
            3.0654826588548185,
            2.980258556704281,
            2.8116151073589712
        ]
    ]
}