{
    "downstairs":[
        [
            1.74825515707173,
            -10.290856347257385,
            -1.8534747363417723,
            -5.975952,
            -30.731140000000003,
            -21.460709,
            16.931763,
            -1.0478363000000002,
            14.710892,
            2.586228269537716,
            5.825809457876223,
            3.2569272157931772
        ],
        [
            1.8549941114345994,
            -8.910594073839661,
            -1.960314663670886,
            -3.7277985,
            -25.69374,
            -14.15361,
            14.618973,
            -1.4620361000000002,
            8.083739999999999,
            2.5025504859374617,
            5.230035712410276,
            2.555312889139388
        ],
        [
            3.2456209871603376,
            -8.278191556582279,
            -1.5752022041607594,
            -1.4126128999999998,
            -22.447205,
            -7.9286804,
            12.114639,
            -0.4588623,
            6.8986053,
            2.2977336097002636,
            4.761627838181458,
            2.0600112840071527
        ],
        [
            3.4649277151350213,
            -9.543430936540084,
            -1.47452432185654,
            -2.1931152000000003,
            -22.021042,
            -7.172119,
            11.073151,
            -0.96643066,
            6.742981,
            2.415674356911096,
            4.9786135290106674,
            2.313860492853879
        ],
        [
            3.521146099403798,
            -8.955417551898735,
            -2.20022994332827,
            -2.5139465,
            -19.725006,
            -14.938904,
            14.360397,
            -2.6256104,
            13.058884,
            2.963877032492694,
            4.850397987338967,
            3.161631834312044
        ],
        [
            3.7296038281139237,
            -9.343257455274262,
            -1.6651512097130803,
            -1.2809296,
            -21.872604,
            -10.205566,
            11.556778,
            -0.9544525,
            11.852203,
            2.873053134981325,
            5.016418139522788,
            2.9319944320318663
        ]
    ],
    "jogging":[
        [
            1.585226840820675,
            -9.709843100991561,
            -0.8251399327004219,
            -29.819809000000006,
            -37.817978,
            -51.74736,
            24.131134,
            7.99028,
            16.530472,
            8.104562216543489,
            11.873583632134622,
            7.452245813898905
        ],
        [
            2.476900318957806,
            -10.5077387187173,
            -1.1409315129620257,
            -19.637268,
            -35.826004,
            -34.636,
            25.641876,
            9.022171,
            12.237671,
            7.267401102776473,
            12.261252516231632,
            4.8594915427867695
        ],
        [
            1.9103024954237289,
            -9.69669411076271,
            -0.8912952110254236,
            -19.388275,
            -33.04634,
            -45.321335,
            23.211761,
            7.1977997,
            19.903915,
            7.8908960450099,
            11.74977262356282,
            6.667481551688603
        ],
        [
            3.4024566680253163,
            -10.191249287637131,
            -1.4258526555962023,
            -22.668335,
            -34.059082000000004,
            -58.22368,
            22.878967000000006,
            8.734879,
            17.480972,
            7.264429386933495,
            11.695110850125586,
            6.230511604094755
        ],
        [
            1.9355684985316455,
            -9.54518878135021,
            -1.1059790967438818,
            -23.89177,
            -33.944168,
            -48.536743,
            22.428848,
            7.834656,
            17.48816,
            7.698583413333906,
            11.356353813312525,
            7.578430483979369
        ],
        [
            3.2681692936525426,
            -10.22967842023729,
            -1.4720007096694916,
            -22.278076,
            -34.44934,
            -36.99669,
            23.91565,
            6.898528999999999,
            17.260711999999998,
            7.463658519155299,
            11.82428538720074,
            5.352833112309172
        ]
    ],
    "sitting":[
        [
            8.173261725738397,
            -0.8082719614345991,
            -5.2131866388185655,
            8.099563999999999,
            -0.85868835,
            -5.2878876,
            8.250397,
            -0.7557373000000001,
            -5.1490173,
            0.026075119279812126,
            0.019695906054591254,
            0.024438625030727426
        ],
        [
            8.166867502109705,
            -0.8151921106329115,
            -5.216671170464135,
            8.121108999999999,
            -0.8562927,
            -5.2639464999999985,
            8.204895,
            -0.7725066999999999,
            -5.1753540000000005,
            0.015384098392811435,
            0.016556837548032624,
            0.017258412243982935
        ],
        [
            8.164261154008438,
            -0.7951398746413502,
            -5.227450147679324,
            8.018158,
            -0.86587524,
            -5.3237915000000005,
            8.367706,
            -0.7054596,
            -5.156204,
            0.04200067134733834,
            0.02769400503400322,
            0.033422203010935396
        ],
        [
            8.153431702531645,
            -0.8061410103797468,
            -5.240875882700422,
            8.04689,
            -0.8562927,
            -5.3357697,
            8.259964,
            -0.7485656999999999,
            -5.1609955,
            0.044473738198861995,
            0.021084722007596143,
            0.033368283224956705
        ],
        [
            8.158977649789028,
            -0.7874619336286921,
            -5.234986106751054,
            8.104339999999999,
            -0.8275604,
            -5.2878876,
            8.236023,
            -0.72940063,
            -5.1801453,
            0.022949388180342402,
            0.015578025749056692,
            0.020452096639214844
        ],
        [
            8.159472094936708,
            -0.7827040908438818,
            -5.2405829890295355,
            8.106735,
            -0.8203888,
            -5.2902830000000005,
            8.200119,
            -0.75094604,
            -5.1897125,
            0.017824903026303105,
            0.013575510684221661,
            0.018071391171827277
        ]
    ],